# Extra rows for lattice-keys, the SUPER + / cheatsheet (modules/nixos/desktop/menus.nix),
# installed as /etc/xdg/lattice/keys.tsv with the host's lattice.keys.extras after them.
#
# Most of the sheet is read live -- Hyprland binds with a description, tmux binds with a note
# (-N), nvim maps with a desc -- so the place to put a key on it is normally its own config.
# This file is for the rest: things no config can report, a few tmux defaults worth seeing
# (defaults are left out, or the sheet would be all tmux), and rows to drop.
#
# Tab-separated: <section> <keys> <description>. A description of "-" hides that row
# instead, matched on section and keys exactly as the sheet shows them.

# Not a bind: the trackpad gesture in hyprland.lua.
hypr	3-finger swipe	Switch workspace

tmux	C-a arrows	Focus pane in that direction
tmux	C-a ;	Focus previous pane
tmux	C-a z	Zoom pane
tmux	C-a x	Kill pane
tmux	C-a d	Detach
tmux	C-a [	Copy mode
tmux	C-a s	Choose session
tmux	C-a w	Choose window
tmux	C-a n / p	Next / previous window
tmux	C-a f	tmux-fzf menu
tmux	C-a 1-9	Go to window by number
tmux	C-a l	Last window
tmux	C-a ,	Rename window
tmux	C-a &	Kill window
tmux	C-a $	Rename session
tmux	C-a q	Show pane numbers (press one to jump)
tmux	C-a { / }	Swap pane with the one before / after
tmux	C-a !	Break pane out into its own window
tmux	C-a Space	Next pane layout
tmux	C-a E	Spread panes out evenly
tmux	C-a M-arrows	Resize pane by 5
tmux	C-a ]	Paste
tmux	C-a =	Paste from a list of earlier copies
tmux	C-a C-s / C-r	Save / restore all sessions (resurrect)
tmux	C-a C-a	Send C-a through to the program
tmux	C-a :	Command prompt
tmux	C-a ?	List every key
tmux	C-a /	Describe a key

# Copy mode is emacs-style here (mode-keys emacs). The mouse only selects: drag, double-
# click a word, triple-click a line; then copy with y, Enter or a right click.
tmux	copy: C-Space	Start selection
tmux	copy: y / Enter / M-w	Copy selection and leave
tmux	copy: C-s / C-r	Search down / up
tmux	copy: n / N	Next / previous match
tmux	copy: M-v / C-v	Page up / down
tmux	copy: M-< / M->	Top / bottom of history
tmux	copy: R	Rectangle selection
tmux	copy: q	Leave copy mode
tmux	WheelUp	Scroll back (enters copy mode)

# No nvim rows here: Vim's own keys and the plugin keys no dump can see are in
# modules/nixos/desktop/cheatsheet/nvim.json, which the browser cheatsheet shows too.
